LOCK TABLES `apifort_client_profile` WRITE;
/*!40000 ALTER TABLE `apifort_client_profile` DISABLE KEYS */;
INSERT INTO `apifort_client_profile` VALUES ('736ccbb3-62e5-410b-99a6-8fb05b5d5c10','AZ87-6563-XUJH-00002','realm_access','2022-11-09 09:48:38.460856','MIIBIjANBgkqhkiG9w0BAQEFAAOCAQ8AMIIBCgKCAQEAz79jmM+N7c8HRDQLeCgBw8g+oxMrVuBmukRoImUrGdcfPbBcWpDJZ59PIuoluuOOOf5cF7rBti8UWKBwVcBdZqqZnTv3RLdqAvuHxeSM63NGdm2UChp3ywqkcP/yDHkbevuJjlLJIbsuhS+pFLYbVdYT13mdnP2u4xoYLhEYLRHq7Loqr8ninl44Cnx6E3AnCSV/FPdGT0gFutJFHYjKrNfatnBmaz7Uk1LwY+gMUVMbb4Ad0hXEkSO3ZO5Y30fXaquGQrjkMKTQZqIyYbnNaNvGIBnY5t0JnHyfAjASNWic/LpJg2rcSmT9lpVOVzTWWTVXhKW/+oFtHh8n79zNYQIDAQAB','DMFP','2022-11-09 09:48:38.461006'),('b8b8b9c9-fa7b-4891-ad23-597771d1ee67','AZ87-6563-XUJH-00001','realm_access','2022-09-20 09:15:55.813780','MIIBIjANBgkqhkiG9w0BAQEFAAOCAQ8AMIIBCgKCAQEAn90UPZrKB7cdMTGToTVlTL8uXyDzyd0XRSADzuzT6Ug1onA3zyuJpRXuxS/2DHzW4j6EZyiUTON2Mx0AwchhIVxsaHntzXVMEUoatGiLbrDHwH4sozz4oqbFGQe7wW3o8kzRFWkdqzMafR7TWTxCjvRRTA/sUEUUB98yER5m0SPNDxvzWucHFBs9Lw5OTmzprSXjvlNt6Rluy4bvrQExLEA+Bpq5GgYVRho/EevOvoc8sMf6jrJ6WzLVwicR3YrzsyjpioSb3dePkFCTYgkJ+4v/fT9u7VsRU6CwF288gURIghzOy4lFtE4m4VsIC8WaunK0635WvFEOPCfXB2CP8QIDAQAB','sitech','2022-09-20 09:15:55.813780');
/*!40000 ALTER TABLE `apifort_client_profile` ENABLE KEYS */;
UNLOCK TABLES;

LOCK TABLES `apifort_client_endpoints` WRITE;
/*!40000 ALTER TABLE `apifort_client_endpoints` DISABLE KEYS */;
INSERT INTO `apifort_client_endpoints` VALUES ('0081c3c3-50b9-4966-b016-ed7435e4d7e6',_binary '\0','uma_authorization','736ccbb3-62e5-410b-99a6-8fb05b5d5c10','2022-12-13 12:30:32.032000','platform-access-permission API','/locale/platform-access-permission/{platformapid}','^/apis/backend/locale/platform-access-permission/[^/]+$','PATCH',_binary '',_binary '\0','d2ea4990-1bab-4766-bf51-5f31c764bf8e','platform-access-permission','2022-12-13 12:30:32.032000',1),('038511ca-9eed-4135-9024-fcce36402888',_binary '','uma_authorization','b8b8b9c9-fa7b-4891-ad23-597771d1ee67','2022-09-20 09:19:10.837000','Update Account Cloud Connect','/cloud-connect/{id}','^/apis/omni-ops-customer-dashboard/cloud-connect/[^/]+$','PUT',_binary '',_binary '\0','48a3ae7b-dcf0-44d3-99cb-1ef2e49afb4c','Cloud Connect','2022-09-20 09:19:10.837000',1),('03ed7fba-aa7e-4044-97b8-52478cff6fd3',_binary '\0','uma_authorization','736ccbb3-62e5-410b-99a6-8fb05b5d5c10','2022-11-20 07:46:04.971000','Demand API','/prediction/insights/orders/expected-orders','^/apis/backend-demand/prediction/insights/orders/expected-orders$','GET',_binary '',_binary '\0','3bb32df5-b556-480a-8976-33632fb1145a','Demand','2022-11-20 07:46:04.971000',1),('0587a1a3-1dc8-44e0-8dc7-e62baae81fb9',_binary '\0','uma_authorization','736ccbb3-62e5-410b-99a6-8fb05b5d5c10','2022-11-20 10:09:33.809000','Demand API','/prediction/historical/shipped-quantity-vs-returned-quantity','^/apis/backend-demand/prediction/historical/shipped-quantity-vs-returned-quantity$','GET',_binary '',_binary '\0','3bb32df5-b556-480a-8976-33632fb1145a','Demand','2022-11-20 10:09:33.809000',1),('0a0a3ee5-c5fc-4b4f-a4e0-2763e004fd2c',_binary '\0','uma_authorization','736ccbb3-62e5-410b-99a6-8fb05b5d5c10','2022-12-14 11:09:39.427000','profile API','/locale/profile','^/apis/backend/locale/profile$','POST',_binary '',_binary '\0','d2ea4990-1bab-4766-bf51-5f31c764bf8e','profile','2022-12-14 11:09:39.427000',1),('0bd8ef65-59a1-4a7c-a8a1-47c029657f0a',_binary '\0','uma_authorization','736ccbb3-62e5-410b-99a6-8fb05b5d5c10','2022-11-20 11:30:28.169000','Supply API','/prediction/historical/orchards-history-details','^/apis/backend-supply/prediction/historical/orchards-history-details$','GET',_binary '',_binary '\0','9fad88c2-09a7-453a-aa08-7deed26d4041','Supply','2022-11-20 11:30:28.169000',1),('106c8a6b-ea39-4312-bdd8-796d229abc8f',_binary '\0','uma_authorization','736ccbb3-62e5-410b-99a6-8fb05b5d5c10','2022-12-13 12:14:42.758000','region API','/locale/region/{regionid}','^/apis/backend/locale/region/[^/]+$','PATCH',_binary '',_binary '\0','d2ea4990-1bab-4766-bf51-5f31c764bf8e','region','2022-12-13 12:14:42.758000',1),('111567c2-8ff2-4781-b763-dac975ff1c1f',_binary '\0','uma_authorization','736ccbb3-62e5-410b-99a6-8fb05b5d5c10','2022-12-13 12:22:42.083000','account API','/locale/account/{accountid}','^/apis/backend/locale/account/[^/]+$','GET',_binary '',_binary '\0','d2ea4990-1bab-4766-bf51-5f31c764bf8e','account','2022-12-13 12:22:42.083000',1),('13655189-6322-480e-af8d-6d72916667e3',_binary '\0','uma_authorization','736ccbb3-62e5-410b-99a6-8fb05b5d5c10','2022-11-20 06:30:27.982000','Pricing API','/prediction/insights/mexico-border-price-average-by-size','^/apis/backend-pricing/prediction/insights/mexico-border-price-average-by-size$','GET',_binary '',_binary '\0','87ea992e-7b69-4b15-98d7-29114dfc433f','Pricing','2022-11-20 06:30:27.982000',1),('148e0892-9412-49bb-a60d-be7c4ac3bb97',_binary '\0','uma_authorization','736ccbb3-62e5-410b-99a6-8fb05b5d5c10','2022-12-12 09:54:09.816000','shipments-prediction-vs-actual-logger API','/prediction/logger/shipments-prediction-vs-actual-logger','^/apis/backend-demand/prediction/logger/shipments-prediction-vs-actual-logger$','GET',_binary '',_binary '\0','3bb32df5-b556-480a-8976-33632fb1145a','shipments-prediction-vs-actual-logger','2022-12-12 09:54:09.816000',1),('1547476b-11e7-410d-b76b-02d7e94bf43f',_binary '\0','uma_authorization','736ccbb3-62e5-410b-99a6-8fb05b5d5c10','2022-11-20 11:29:21.894000','Supply API','/prediction/historical/cost-by-region','^/apis/backend-supply/prediction/historical/cost-by-region$','GET',_binary '',_binary '\0','9fad88c2-09a7-453a-aa08-7deed26d4041','Supply','2022-11-20 11:29:21.894000',1),('15816323-2880-4da3-9608-3b3027ad0fe8',_binary '\0','uma_authorization','736ccbb3-62e5-410b-99a6-8fb05b5d5c10','2022-12-13 12:20:22.851000','region API','/locale/region/{regionid}','^/apis/backend/locale/region/[^/]+$','DELETE',_binary '',_binary '\0','d2ea4990-1bab-4766-bf51-5f31c764bf8e','region','2022-12-13 12:20:22.852000',1),('1610fbbc-a486-48df-97c5-e57f6e4cc130',_binary '','uma_authorization','b8b8b9c9-fa7b-4891-ad23-597771d1ee67','2022-09-20 09:19:10.837000','Get customer dashboard cards list','/cards','^/apis/omni-ops-customer-dashboard/cards$','GET',_binary '',_binary '\0','48a3ae7b-dcf0-44d3-99cb-1ef2e49afb4c','Cards List','2022-09-20 09:19:10.837000',1),('196a523a-de96-47b8-a9e5-dffb2469e5d7',_binary '\0','uma_authorization','736ccbb3-62e5-410b-99a6-8fb05b5d5c10','2022-12-13 12:41:59.033000','platform API','/locale/platform/{platformid}','^/apis/backend/locale/platform/[^/]+$','PATCH',_binary '',_binary '\0','d2ea4990-1bab-4766-bf51-5f31c764bf8e','platform','2022-12-13 12:41:59.033000',1),('1c546ef7-c43d-4da7-8e62-4fffaa53d771',_binary '\0','uma_authorization','736ccbb3-62e5-410b-99a6-8fb05b5d5c10','2022-11-20 07:07:15.608000','Pricing API','/prediction/historical/avocado-sizes-average-prices-weekly','^/apis/backend-pricing/prediction/historical/avocado-sizes-average-prices-weekly$','GET',_binary '',_binary '\0','87ea992e-7b69-4b15-98d7-29114dfc433f','Pricing','2022-11-20 07:07:15.608000',1),('1e9b899e-bc2d-4ce1-8132-02e0fafb9afb',_binary '\0','uma_authorization','736ccbb3-62e5-410b-99a6-8fb05b5d5c10','2022-11-20 07:05:17.344000','Pricing API','/prediction/historical/usda-market-price-vs-temperature','^/apis/backend-pricing/prediction/historical/usda-market-price-vs-temperature$','GET',_binary '',_binary '\0','87ea992e-7b69-4b15-98d7-29114dfc433f','Pricing','2022-11-20 07:05:17.344000',1),('1ef884f1-2a5b-4c52-8293-422d5e360dfa',_binary '','uma_authorization','b8b8b9c9-fa7b-4891-ad23-597771d1ee67','2022-09-20 09:19:10.837000','Get customer dashboard cards stats','/cards/stats','^/apis/omni-ops-customer-dashboard/cards/stats$','GET',_binary '',_binary '\0','48a3ae7b-dcf0-44d3-99cb-1ef2e49afb4c','Cards stats','2022-09-20 09:19:10.837000',1),('20b82fd4-ffb7-4b0d-9d99-cc0de45b32dc',_binary '\0','uma_authorization','736ccbb3-62e5-410b-99a6-8fb05b5d5c10','2022-12-13 12:25:05.869000','platform API','/locale/platform/{platformid}','^/apis/backend/locale/platform/[^/]+$','DELETE',_binary '',_binary '\0','d2ea4990-1bab-4766-bf51-5f31c764bf8e','platform','2022-12-13 12:25:05.869000',1),('26666718-d2db-487d-b93f-8ba7877419e1',_binary '\0','uma_authorization','736ccbb3-62e5-410b-99a6-8fb05b5d5c10','2022-12-13 12:19:15.221000','distribution-center API','/locale/distribution-center/{dcid}','^/apis/backend/locale/distribution-center/[^/]+$','DELETE',_binary '',_binary '\0','d2ea4990-1bab-4766-bf51-5f31c764bf8e','distribution-center','2022-12-13 12:19:15.221000',1),('26cca41f-9ca4-4cf4-915a-6dce1122527f',_binary '\0','uma_authorization','736ccbb3-62e5-410b-99a6-8fb05b5d5c10','2022-12-13 11:22:33.333000','refresh API','/auth/token/refresh','^/api/backend/auth/token/refresh$','POST',_binary '',_binary '','d2ea4990-1bab-4766-bf51-5f31c764bf8e','refresh','2022-12-13 11:22:33.333000',1),('26d20d79-b163-484d-9c60-a5f1ccaa7066',_binary '\0','uma_authorization','736ccbb3-62e5-410b-99a6-8fb05b5d5c10','2022-12-14 11:28:46.965000','account API','/locale/account','^/apis/backend/locale/account$','POST',_binary '',_binary '\0','d2ea4990-1bab-4766-bf51-5f31c764bf8e','account','2022-12-14 11:28:46.965000',1),('2bc91d95-6111-46fc-bc96-1bad74c931c4',_binary '\0','uma_authorization','736ccbb3-62e5-410b-99a6-8fb05b5d5c10','2022-11-20 06:53:46.381000','Pricing API','/prediction/historical/mexico-border-cost-vs-market-demand','^/apis/backend-pricing/prediction/historical/mexico-border-cost-vs-market-demand$','GET',_binary '',_binary '\0','87ea992e-7b69-4b15-98d7-29114dfc433f','Pricing','2022-11-20 06:53:46.381000',1),('31517b9f-03cd-401d-9533-22566381bfa5',_binary '\0','uma_authorization','736ccbb3-62e5-410b-99a6-8fb05b5d5c10','2022-12-12 16:04:39.698000','distribution-center API','/locale/distribution-center','^/apis/backend/locale/distribution-center$','GET',_binary '',_binary '\0','d2ea4990-1bab-4766-bf51-5f31c764bf8e','distribution-center','2022-12-12 16:04:39.698000',1),('31bd78a9-ba08-4b0b-9b05-617640341549',_binary '\0','uma_authorization','736ccbb3-62e5-410b-99a6-8fb05b5d5c10','2022-12-13 11:07:26.746000','region API','/locale/region/{regionid}','^/apis/backend/locale/region/[^/]+$','GET',_binary '',_binary '\0','d2ea4990-1bab-4766-bf51-5f31c764bf8e','region','2022-12-13 11:07:26.746000',1),('338bfbf0-d19c-4edf-8e44-82ccb434ede9',_binary '\0','uma_authorization','736ccbb3-62e5-410b-99a6-8fb05b5d5c10','2022-11-20 07:06:23.207000','Pricing API','/prediction/historical/usda-market-price-vs-market-demand','^/apis/backend-pricing/prediction/historical/usda-market-price-vs-market-demand$','GET',_binary '',_binary '\0','87ea992e-7b69-4b15-98d7-29114dfc433f','Pricing','2022-11-20 07:06:23.207000',1),('372fda51-5912-40fd-9c3e-526eabaa7e19',_binary '\0','uma_authorization','736ccbb3-62e5-410b-99a6-8fb05b5d5c10','2022-11-22 07:09:34.822000','Login API','/auth/token','^/api/backend/auth/token$','POST',_binary '',_binary '','d2ea4990-1bab-4766-bf51-5f31c764bf8e','Login','2022-11-22 07:09:34.822000',1),('38737c07-0306-44aa-b294-5dd86715dc92',_binary '\0','uma_authorization','736ccbb3-62e5-410b-99a6-8fb05b5d5c10','2022-12-12 15:31:18.345000','readiness API','/readiness','^/api/backend/readiness$','GET',_binary '',_binary '','d2ea4990-1bab-4766-bf51-5f31c764bf8e','readiness','2022-12-12 15:31:18.345000',1),('38c66ca0-94f2-4c15-927f-82422a4061d5',_binary '\0','uma_authorization','736ccbb3-62e5-410b-99a6-8fb05b5d5c10','2022-11-20 11:28:53.411000','Supply API','/prediction/historical/top-10-orchards-by-categories','^/apis/backend-supply/prediction/historical/top-10-orchards-by-categories$','GET',_binary '',_binary '\0','9fad88c2-09a7-453a-aa08-7deed26d4041','Supply','2022-11-20 11:28:53.411000',1),('39c9cfd8-8029-4e16-86a1-31b1ee8a19a1',_binary '','uma_authorization','b8b8b9c9-fa7b-4891-ad23-597771d1ee67','2022-09-20 09:19:10.837000','Get customer dashboard cards lookup list','/cards/lookups','^/apis/omni-ops-customer-dashboard/cards/lookups$','GET',_binary '',_binary '\0','48a3ae7b-dcf0-44d3-99cb-1ef2e49afb4c','Cards lookup','2022-09-20 09:19:10.837000',1),('3a709bb3-8559-4c52-ad10-9676bc752e4e',_binary '\0','uma_authorization','736ccbb3-62e5-410b-99a6-8fb05b5d5c10','2022-11-20 11:27:10.960000','Supply API','/prediction/historical/total-purchased-quantities-vs-mexico-holidays-and-temp','^/apis/backend-supply/prediction/historical/total-purchased-quantities-vs-mexico-holidays-and-temp$','GET',_binary '',_binary '\0','9fad88c2-09a7-453a-aa08-7deed26d4041','Supply','2022-11-20 11:27:10.960000',1),('3d1f9bc2-ca33-4a7b-b086-904298fc4087',_binary '\0','uma_authorization','736ccbb3-62e5-410b-99a6-8fb05b5d5c10','2022-11-20 07:09:05.172000','Pricing API','/prediction/historical/avocado-sizes-average-prices-quarterly','^/apis/backend-pricing/prediction/historical/avocado-sizes-average-prices-quarterly$','GET',_binary '',_binary '\0','87ea992e-7b69-4b15-98d7-29114dfc433f','Pricing','2022-11-20 07:09:05.172000',1),('3e12f5e2-9703-4410-a437-55c6ae860bff',_binary '\0','uma_authorization','736ccbb3-62e5-410b-99a6-8fb05b5d5c10','2022-12-13 12:29:22.348000','platform-access-permission API','/locale/platform-access-permission/{platformapid}','^/apis/backend/locale/platform-access-permission/[^/]+$','GET',_binary '',_binary '\0','d2ea4990-1bab-4766-bf51-5f31c764bf8e','platform-access-permission','2022-12-13 12:29:22.348000',1),('408f8ea5-22fe-4707-924f-d241d4834914',_binary '\0','uma_authorization','736ccbb3-62e5-410b-99a6-8fb05b5d5c10','2022-11-20 08:04:26.420000','Demand API','/prediction/insights/shipments/weekly/shipments-quantities-weekly','^/apis/backend-demand/prediction/insights/shipments/weekly/shipments-quantities-weekly$','GET',_binary '',_binary '\0','3bb32df5-b556-480a-8976-33632fb1145a','Demand','2022-11-20 08:04:26.420000',1),('40f922cf-475c-4aef-8653-9f5b3928f327',_binary '\0','uma_authorization','736ccbb3-62e5-410b-99a6-8fb05b5d5c10','2022-11-20 07:45:21.606000','Demand API','/prediction/insights/orders/expected-orders-per-distribution-center','^/apis/backend-demand/prediction/insights/orders/expected-orders-per-distribution-center$','GET',_binary '',_binary '\0','3bb32df5-b556-480a-8976-33632fb1145a','Demand','2022-11-20 07:45:21.606000',1),('4464e4ad-4064-4892-83ee-1a795ea0fb8d',_binary '\0','uma_authorization','736ccbb3-62e5-410b-99a6-8fb05b5d5c10','2022-11-20 07:17:56.673000','Pricing API','/prediction/logger/mexico-border-pricing-prediction-logger-vs-actual','^/apis/backend-pricing/prediction/logger/mexico-border-pricing-prediction-logger-vs-actual$','GET',_binary '',_binary '\0','87ea992e-7b69-4b15-98d7-29114dfc433f','Pricing','2022-11-20 07:17:56.673000',1),('4d9aa40c-79c8-4e7c-93c9-cefd56e8a9c3',_binary '','uma_authorization','b8b8b9c9-fa7b-4891-ad23-597771d1ee67','2022-09-20 09:19:10.837000','Get Coast Stats','/costs/stats','^/apis/omni-ops-customer-dashboard/costs/stats$','GET',_binary '',_binary '\0','48a3ae7b-dcf0-44d3-99cb-1ef2e49afb4c','Coast Stats','2022-09-20 09:19:10.837000',1),('4fad28bf-7480-476e-89f6-5a3a152458fe',_binary '\0','uma_authorization','736ccbb3-62e5-410b-99a6-8fb05b5d5c10','2022-12-12 16:45:11.848000','platform API','/locale/platform','^/apis/backend/locale/platform$','GET',_binary '',_binary '\0','d2ea4990-1bab-4766-bf51-5f31c764bf8e','platform','2022-12-12 16:45:11.848000',1),('500f4913-d577-4b24-8032-2cfdfa928e98',_binary '\0','uma_authorization','736ccbb3-62e5-410b-99a6-8fb05b5d5c10','2022-11-20 11:27:58.389000','Supply API','/prediction/historical/orchards-purchase-history-vs-quality','^/apis/backend-supply/prediction/historical/orchards-purchase-history-vs-quality$','GET',_binary '',_binary '\0','9fad88c2-09a7-453a-aa08-7deed26d4041','Supply','2022-11-20 11:27:58.389000',1),('507091b9-49d1-4d3a-b933-564459aeb546',_binary '\0','uma_authorization','736ccbb3-62e5-410b-99a6-8fb05b5d5c10','2022-12-12 17:01:43.825000','profile API','/locale/profile','^/apis/backend/locale/profile$','GET',_binary '',_binary '\0','d2ea4990-1bab-4766-bf51-5f31c764bf8e','profile','2022-12-12 17:01:43.825000',1),('54100dc4-71d4-422f-995f-f7380039b792',_binary '','uma_authorization','b8b8b9c9-fa7b-4891-ad23-597771d1ee67','2022-09-20 09:19:10.837000','Delete Account Cloud Connect','/cloud-connect/{id}','^/apis/omni-ops-customer-dashboard/cloud-connect/[^/]+$','DELETE',_binary '',_binary '\0','48a3ae7b-dcf0-44d3-99cb-1ef2e49afb4c','Cloud Connect','2022-09-20 09:19:10.837000',1),('587620b8-48dc-49ec-ae82-dbb71c99f153',_binary '','uma_authorization','b8b8b9c9-fa7b-4891-ad23-597771d1ee67','2022-09-20 09:19:10.837000','POST Account Cloud Connect','/cloud-connect/{account_type}','^/apis/omni-ops-customer-dashboard/cloud-connect/[^/]+$','POST',_binary '',_binary '\0','48a3ae7b-dcf0-44d3-99cb-1ef2e49afb4c','Cloud Connect','2022-09-20 09:19:10.837000',1),('5d3b4bf9-75ce-496b-a9c4-9597eb1f6bea',_binary '\0','uma_authorization','736ccbb3-62e5-410b-99a6-8fb05b5d5c10','2022-12-12 16:06:58.121000','account API','/locale/account','^/apis/backend/locale/account$','GET',_binary '',_binary '\0','d2ea4990-1bab-4766-bf51-5f31c764bf8e','account','2022-12-12 16:06:58.121000',1),('5fc261d0-ed4a-44c2-adad-4fa0ee233e41',_binary '\0','uma_authorization','736ccbb3-62e5-410b-99a6-8fb05b5d5c10','2022-11-20 08:05:25.431000','Demand API','/prediction/insights/shipments/weekly/expected-shipments-vs-due-shipments-weekly','^/apis/backend-demand/prediction/insights/shipments/weekly/expected-shipments-vs-due-shipments-weekly$','GET',_binary '',_binary '\0','3bb32df5-b556-480a-8976-33632fb1145a','Demand','2022-11-20 08:05:25.431000',1),('6132ca3e-40f6-4b17-8069-902642a38bb4',_binary '\0','uma_authorization','736ccbb3-62e5-410b-99a6-8fb05b5d5c10','2022-11-20 07:09:55.982000','Pricing API','/prediction/historical/avocado-sizes-average-prices-yearly','^/apis/backend-pricing/prediction/historical/avocado-sizes-average-prices-yearly$','GET',_binary '',_binary '\0','87ea992e-7b69-4b15-98d7-29114dfc433f','Pricing','2022-11-20 07:09:55.982000',1),('6354eb34-a818-45ab-a01f-1538b8b2b9d8',_binary '\0','uma_authorization','736ccbb3-62e5-410b-99a6-8fb05b5d5c10','2022-12-13 12:23:21.538000','account API','/locale/account/{accountid}','^/apis/backend/locale/account/[^/]+$','DELETE',_binary '',_binary '\0','d2ea4990-1bab-4766-bf51-5f31c764bf8e','account','2022-12-13 12:23:21.538000',1),('639dc542-cf56-4651-ab38-9b847e7a0154',_binary '\0','uma_authorization','736ccbb3-62e5-410b-99a6-8fb05b5d5c10','2022-11-20 06:51:38.952000','Pricing API','/prediction/historical/mexico-border-cost-vs-holidays','^/apis/backend-pricing/prediction/historical/mexico-border-cost-vs-holidays$','GET',_binary '',_binary '\0','87ea992e-7b69-4b15-98d7-29114dfc433f','Pricing','2022-11-20 06:51:38.953000',1),('6438ccad-2516-4fb5-a78d-4f216662a2e1',_binary '\0','uma_authorization','736ccbb3-62e5-410b-99a6-8fb05b5d5c10','2022-12-12 15:57:42.479000','region API','/locale/region','^/apis/backend/locale/region$','GET',_binary '',_binary '\0','d2ea4990-1bab-4766-bf51-5f31c764bf8e','region','2022-12-12 15:57:42.479000',1),('67afc6fe-d0e3-438f-b393-bd5ad36a4f9a',_binary '','uma_authorization','b8b8b9c9-fa7b-4891-ad23-597771d1ee67','2022-09-20 09:19:10.837000','Get customer dashboard cards analytics list','/cards/analytics','^/apis/omni-ops-customer-dashboard/cards/analytics$','GET',_binary '',_binary '\0','48a3ae7b-dcf0-44d3-99cb-1ef2e49afb4c','Cards analytics','2022-09-20 09:19:10.837000',1),('69bfee0d-62af-4cfe-b6a6-a547c6279c09',_binary '\0','uma_authorization','736ccbb3-62e5-410b-99a6-8fb05b5d5c10','2022-11-20 08:06:38.540000','Demand API','/prediction/insights/shipments/weekly/expected-shipments-per-distribution-center-weekly','^/apis/backend-demand/prediction/insights/shipments/weekly/expected-shipments-per-distribution-center-weekly$','GET',_binary '',_binary '\0','3bb32df5-b556-480a-8976-33632fb1145a','Demand','2022-11-20 08:06:38.540000',1),('6bed4ae4-b1c6-424f-a7a6-a7f20eedcb57',_binary '\0','uma_authorization','736ccbb3-62e5-410b-99a6-8fb05b5d5c10','2022-11-20 10:34:09.597000','Supply API','/prediction/insights/top-10-orchards','^/apis/backend-supply/prediction/insights/top-10-orchards$','GET',_binary '',_binary '\0','9fad88c2-09a7-453a-aa08-7deed26d4041','Supply','2022-11-20 10:34:09.597000',1),('6e5f561c-a970-45f5-a7f2-a0aa2bf609fb',_binary '\0','uma_authorization','736ccbb3-62e5-410b-99a6-8fb05b5d5c10','2022-12-12 10:43:29.748000','cities API','/auth/cities','^/apis/backend/auth/cities$','GET',_binary '',_binary '\0','d2ea4990-1bab-4766-bf51-5f31c764bf8e','cities','2022-12-12 10:43:29.748000',1),('70e2a8a8-76c2-4054-bf37-1886ce324e14',_binary '\0','uma_authorization','736ccbb3-62e5-410b-99a6-8fb05b5d5c10','2022-12-14 11:11:26.929000','platform API','/locale/platform','^/apis/backend/locale/platform$','POST',_binary '',_binary '\0','d2ea4990-1bab-4766-bf51-5f31c764bf8e','platform','2022-12-14 11:11:26.929000',1),('7b85f8fe-6b10-4d2d-9415-872aee4766ae',_binary '\0','uma_authorization','736ccbb3-62e5-410b-99a6-8fb05b5d5c10','2022-12-12 15:30:16.318000','liveliness API','/liveliness','^/api/backend/liveliness$','GET',_binary '',_binary '','d2ea4990-1bab-4766-bf51-5f31c764bf8e','liveliness','2022-12-12 15:30:16.319000',1),('80964d0b-76f9-4f0e-9838-dbb67d8e8514',_binary '\0','uma_authorization','736ccbb3-62e5-410b-99a6-8fb05b5d5c10','2022-12-13 12:33:02.864000','profile API','/locale/profile/{profileid}','^/apis/backend/locale/profile/[^/]+$','PATCH',_binary '',_binary '\0','d2ea4990-1bab-4766-bf51-5f31c764bf8e','profile','2022-12-13 12:33:02.864000',1),('80ab5b5a-8778-4956-a010-29b5da5488e7',_binary '\0','uma_authorization','736ccbb3-62e5-410b-99a6-8fb05b5d5c10','2022-11-20 10:06:42.929000','Demand API','/prediction/historical/order-quantities-by-size','^/apis/backend-demand/prediction/historical/order-quantities-by-size$','GET',_binary '',_binary '\0','3bb32df5-b556-480a-8976-33632fb1145a','Demand','2022-11-20 10:06:42.929000',1),('8219293c-1a2a-4f86-91c2-2fd872700807',_binary '\0','uma_authorization','736ccbb3-62e5-410b-99a6-8fb05b5d5c10','2022-12-13 12:26:58.316000','profile API','/locale/profile/{profileid}','^/apis/backend/locale/profile/[^/]+$','DELETE',_binary '',_binary '\0','d2ea4990-1bab-4766-bf51-5f31c764bf8e','profile','2022-12-13 12:26:58.316000',1),('8429accc-00df-4215-9b14-cac9f3fa9e38',_binary '\0','uma_authorization','736ccbb3-62e5-410b-99a6-8fb05b5d5c10','2022-11-20 06:27:59.340000','Pricing API','/prediction/insights/border-price-by-size-vs-usda-market-price','^/apis/backend-pricing/prediction/insights/border-price-by-size-vs-usda-market-price$','GET',_binary '',_binary '\0','87ea992e-7b69-4b15-98d7-29114dfc433f','Pricing','2022-11-20 06:27:59.340000',1),('864b9d5b-9014-4bec-a33a-0e88de9e876c',_binary '\0','uma_authorization','736ccbb3-62e5-410b-99a6-8fb05b5d5c10','2022-12-13 12:17:12.397000','distribution-center API','/locale/distribution-center/{dcid}','^/apis/backend/locale/distribution-center/[^/]+$','GET',_binary '',_binary '\0','d2ea4990-1bab-4766-bf51-5f31c764bf8e','distribution-center','2022-12-13 12:17:12.397000',1),('8681a529-c8d0-445c-848a-79bb03e758f8',_binary '\0','uma_authorization','736ccbb3-62e5-410b-99a6-8fb05b5d5c10','2022-11-20 10:39:18.645000','Supply API','/prediction/insights/find-orchards','^/apis/backend-supply/prediction/insights/find-orchards$','GET',_binary '',_binary '\0','9fad88c2-09a7-453a-aa08-7deed26d4041','Supply','2022-11-20 10:39:18.645000',1),('8718efbe-2179-4fde-a671-87776dd2f57e',_binary '\0','uma_authorization','736ccbb3-62e5-410b-99a6-8fb05b5d5c10','2022-12-13 12:24:37.723000','platform API','/locale/platform/{platformid}','^/apis/backend/locale/platform/[^/]+$','GET',_binary '',_binary '\0','d2ea4990-1bab-4766-bf51-5f31c764bf8e','platform','2022-12-13 12:24:37.723000',1),('884965a1-5a9e-4289-b565-cc74bdd9d90f',_binary '\0','uma_authorization','736ccbb3-62e5-410b-99a6-8fb05b5d5c10','2023-01-12 08:31:22.237000','tiers-combination API','/prediction/logger/tiers-combination','^/apis/backend-demand/prediction/logger/tiers-combination$','GET',_binary '',_binary '\0','3bb32df5-b556-480a-8976-33632fb1145a','tiers-combination','2023-01-12 08:31:22.237000',1),('8f9ae9a8-712a-4ed6-8d04-ac8efad835de',_binary '\0','uma_authorization','736ccbb3-62e5-410b-99a6-8fb05b5d5c10','2022-12-13 12:17:57.891000','distribution-center API','/locale/distribution-center/{dcid}','^/apis/backend/locale/distribution-center/[^/]+$','PATCH',_binary '',_binary '\0','d2ea4990-1bab-4766-bf51-5f31c764bf8e','distribution-center','2022-12-13 12:17:57.891000',1),('910d79ce-333d-45b7-bfef-0550b953fdc5',_binary '\0','uma_authorization','736ccbb3-62e5-410b-99a6-8fb05b5d5c10','2022-11-22 07:56:31.520000','Logout API','/auth/logout','^/apis/backend/auth/logout$','POST',_binary '',_binary '\0','d2ea4990-1bab-4766-bf51-5f31c764bf8e','Logout','2022-11-22 07:56:31.520000',1),('92224d01-6608-4369-95f1-882efcbc4325',_binary '\0','uma_authorization','736ccbb3-62e5-410b-99a6-8fb05b5d5c10','2022-11-20 05:53:54.786000','Pricing API','/prediction/insights/suggested-border-price','^/apis/backend-pricing/prediction/insights/suggested-border-price$','GET',_binary '',_binary '\0','87ea992e-7b69-4b15-98d7-29114dfc433f','Pricing','2022-11-20 05:53:54.786000',1),('949f9fae-ffd7-4911-9f73-b0ef08d1869e',_binary '\0','uma_authorization','736ccbb3-62e5-410b-99a6-8fb05b5d5c10','2022-11-20 11:28:19.621000','Supply API','/prediction/historical/orchards-purchased-quantities','^/apis/backend-supply/prediction/historical/orchards-purchased-quantities$','GET',_binary '',_binary '\0','9fad88c2-09a7-453a-aa08-7deed26d4041','Supply','2022-11-20 11:28:19.621000',1),('95d1f89c-412e-4c2a-9379-1e4d22651cb2',_binary '\0','uma_authorization','736ccbb3-62e5-410b-99a6-8fb05b5d5c10','2022-12-14 11:14:28.755000','distribution-center API','/locale/distribution-center','^/apis/backend/locale/distribution-center$','POST',_binary '',_binary '\0','d2ea4990-1bab-4766-bf51-5f31c764bf8e','distribution-center','2022-12-14 11:14:28.755000',1),('9817ff53-a0c9-49a0-9576-d63412f0fff1',_binary '\0','uma_authorization','736ccbb3-62e5-410b-99a6-8fb05b5d5c10','2022-12-12 10:55:10.340000','user-info API','/auth/user-info','^/apis/backend/auth/user-info$','GET',_binary '',_binary '\0','d2ea4990-1bab-4766-bf51-5f31c764bf8e','user-info','2022-12-12 10:55:10.340000',1),('997ee611-0f07-4018-bd13-11ba5acdae70',_binary '\0','uma_authorization','736ccbb3-62e5-410b-99a6-8fb05b5d5c10','2022-11-20 07:18:23.026000','Pricing API','/prediction/logger/mexico-border-pricing-prediction-logger','^/apis/backend-pricing/prediction/logger/mexico-border-pricing-prediction-logger$','GET',_binary '',_binary '\0','87ea992e-7b69-4b15-98d7-29114dfc433f','Pricing','2022-11-20 07:18:23.026000',1),('99f7dd6a-da7b-412c-88e2-3569002bd46a',_binary '\0','uma_authorization','736ccbb3-62e5-410b-99a6-8fb05b5d5c10','2022-11-20 06:48:43.143000','Pricing API','/prediction/historical/mexico-border-cost','^/apis/backend-pricing/prediction/historical/mexico-border-cost$','GET',_binary '',_binary '\0','87ea992e-7b69-4b15-98d7-29114dfc433f','Pricing','2022-11-20 06:48:43.143000',1),('9d38407a-907a-4014-a0a5-33d27646f2b3',_binary '\0','uma_authorization','736ccbb3-62e5-410b-99a6-8fb05b5d5c10','2022-12-13 12:26:28.025000','profile API','/locale/profile/{profileid}','^/apis/backend/locale/profile/[^/]+$','GET',_binary '',_binary '\0','d2ea4990-1bab-4766-bf51-5f31c764bf8e','profile','2022-12-13 12:26:28.025000',1),('a34acf5e-8928-442c-aa2c-ded165a56d6e',_binary '\0','uma_authorization','736ccbb3-62e5-410b-99a6-8fb05b5d5c10','2022-11-20 11:29:43.652000','Supply API','/prediction/historical/top-10-orchards-supply-by-year','^/apis/backend-supply/prediction/historical/top-10-orchards-supply-by-year$','GET',_binary '',_binary '\0','9fad88c2-09a7-453a-aa08-7deed26d4041','Supply','2022-11-20 11:29:43.652000',1),('a48ce1c3-4d3a-4758-a86f-94f48a145eb2',_binary '\0','uma_authorization','736ccbb3-62e5-410b-99a6-8fb05b5d5c10','2022-11-20 06:44:50.872000','Pricing API','/prediction/insights/border-price-change-curve','^/apis/backend-pricing/prediction/insights/border-price-change-curve$','GET',_binary '',_binary '\0','87ea992e-7b69-4b15-98d7-29114dfc433f','Pricing','2022-11-20 06:44:50.872000',1),('a7a1fe77-a6bd-4dc1-9107-715e343c774f',_binary '\0','uma_authorization','736ccbb3-62e5-410b-99a6-8fb05b5d5c10','2022-12-13 12:29:56.380000','platform-access-permission API','/locale/platform-access-permission/{platformapid}','^/apis/backend/locale/platform-access-permission/[^/]+$','DELETE',_binary '',_binary '\0','d2ea4990-1bab-4766-bf51-5f31c764bf8e','platform-access-permission','2022-12-13 12:29:56.380000',1),('a8a2d1a2-402e-4601-98f6-b62c40769f51',_binary '\0','uma_authorization','736ccbb3-62e5-410b-99a6-8fb05b5d5c10','2022-12-12 10:31:40.324000','shipments-prediction-variances-logger API','/prediction/logger/shipments-prediction-variances-logger','^/apis/backend-demand/prediction/logger/shipments-prediction-variances-logger$','GET',_binary '',_binary '\0','3bb32df5-b556-480a-8976-33632fb1145a','shipments-prediction-variances-logger','2022-12-12 10:31:40.324000',1),('aaa0e16a-5006-4222-9205-608aa3afa6a6',_binary '\0','uma_authorization','736ccbb3-62e5-410b-99a6-8fb05b5d5c10','2022-11-20 08:07:09.591000','Demand API','/prediction/insights/shipments/weekly/expected-shipments-weekly','^/apis/backend-demand/prediction/insights/shipments/weekly/expected-shipments-weekly$','GET',_binary '',_binary '\0','3bb32df5-b556-480a-8976-33632fb1145a','Demand','2022-11-20 08:07:09.591000',1),('af0a238a-77c8-475a-bdea-ab3a40f09fc0',_binary '\0','uma_authorization','736ccbb3-62e5-410b-99a6-8fb05b5d5c10','2022-12-12 10:47:11.854000','states API','/auth/states','^/apis/backend/auth/states$','GET',_binary '',_binary '\0','d2ea4990-1bab-4766-bf51-5f31c764bf8e','states','2022-12-12 10:47:11.854000',1),('c31fe5a0-2443-42f7-a53d-74dd3b4eeeb7',_binary '\0','uma_authorization','736ccbb3-62e5-410b-99a6-8fb05b5d5c10','2022-11-20 07:04:02.469000','Pricing API','/prediction/historical/usda-market-price','^/apis/backend-pricing/prediction/historical/usda-market-price$','GET',_binary '',_binary '\0','87ea992e-7b69-4b15-98d7-29114dfc433f','Pricing','2022-11-20 07:04:02.469000',1),('c42b3689-0e05-4fa3-820d-078cb02e738d',_binary '\0','uma_authorization','736ccbb3-62e5-410b-99a6-8fb05b5d5c10','2022-11-20 05:58:01.698000','Pricing API','/prediction/insights/border-price-vs-usda-market-price','^/apis/backend-pricing/prediction/insights/border-price-vs-usda-market-price$','GET',_binary '',_binary '\0','87ea992e-7b69-4b15-98d7-29114dfc433f','Pricing','2022-11-20 05:58:01.698000',1),('c4b8a243-077b-4d77-97a3-9d5e226ba9dc',_binary '\0','uma_authorization','736ccbb3-62e5-410b-99a6-8fb05b5d5c10','2022-11-20 10:38:28.024000','Supply API','/prediction/insights/top-orchards-by-quality','^/apis/backend-supply/prediction/insights/top-orchards-by-quality$','GET',_binary '',_binary '\0','9fad88c2-09a7-453a-aa08-7deed26d4041','Supply','2022-11-20 10:38:28.024000',1),('c7153d25-0c38-431e-ba0c-a76c5fe1ddf2',_binary '\0','uma_authorization','736ccbb3-62e5-410b-99a6-8fb05b5d5c10','2022-11-20 10:39:52.000000','Supply API','/prediction/insights/orchard-name-search','^/apis/backend-supply/prediction/insights/orchard-name-search$','GET',_binary '',_binary '\0','9fad88c2-09a7-453a-aa08-7deed26d4041','Supply','2022-11-20 10:39:52.000000',1),('c7b6e82e-cf3f-408b-a942-96fd70e28d6f',_binary '\0','uma_authorization','736ccbb3-62e5-410b-99a6-8fb05b5d5c10','2022-12-12 16:58:47.762000','platform-access-permission API','/locale/platform-access-permission','^/apis/backend/locale/platform-access-permission$','GET',_binary '',_binary '\0','d2ea4990-1bab-4766-bf51-5f31c764bf8e','platform-access-permission','2022-12-12 16:58:47.762000',1),('c7d285ff-5629-4b0d-9290-0c5c6595a7e4',_binary '\0','uma_authorization','736ccbb3-62e5-410b-99a6-8fb05b5d5c10','2022-11-20 06:52:48.092000','Pricing API','/prediction/historical/mexico-border-cost-vs-temperature','^/apis/backend-pricing/prediction/historical/mexico-border-cost-vs-temperature$','GET',_binary '',_binary '\0','87ea992e-7b69-4b15-98d7-29114dfc433f','Pricing','2022-11-20 06:52:48.092000',1),('cb24d225-076e-46b0-952f-de32480d300e',_binary '\0','uma_authorization','736ccbb3-62e5-410b-99a6-8fb05b5d5c10','2022-12-12 12:08:08.260000','user API','/auth/user','^/apis/backend/auth/user$','PUT',_binary '',_binary '\0','d2ea4990-1bab-4766-bf51-5f31c764bf8e','user','2022-12-12 12:08:08.260000',1),('ccc0b17e-38d0-466f-852e-0109455b527b',_binary '\0','uma_authorization','736ccbb3-62e5-410b-99a6-8fb05b5d5c10','2022-11-20 07:34:56.895000','Demand API','/prediction/insights/orders/order-quantities','^/apis/backend-demand/prediction/insights/orders/order-quantities$','GET',_binary '',_binary '\0','3bb32df5-b556-480a-8976-33632fb1145a','Demand','2022-11-20 07:34:56.895000',1),('cd313c4e-516f-42f1-be75-b6a17d1fde30',_binary '\0','uma_authorization','736ccbb3-62e5-410b-99a6-8fb05b5d5c10','2022-12-14 11:07:13.681000','region API','/locale/region','^/apis/backend/locale/region$','POST',_binary '',_binary '\0','d2ea4990-1bab-4766-bf51-5f31c764bf8e','region','2022-12-14 11:07:13.681000',1),('da0abbfc-2572-451a-aa3c-2ea71b4b97ce',_binary '\0','uma_authorization','736ccbb3-62e5-410b-99a6-8fb05b5d5c10','2022-11-20 07:08:20.316000','Pricing API','/prediction/historical/avocado-sizes-average-prices-monthly','^/apis/backend-pricing/prediction/historical/avocado-sizes-average-prices-monthly$','GET',_binary '',_binary '\0','87ea992e-7b69-4b15-98d7-29114dfc433f','Pricing','2022-11-20 07:08:20.316000',1),('dc26133b-5a08-4169-941e-6f1f1cf327ea',_binary '\0','uma_authorization','736ccbb3-62e5-410b-99a6-8fb05b5d5c10','2022-11-20 10:07:39.276000','Demand API','/prediction/historical/average-late-shipment-days-by-distribution-center','^/apis/backend-demand/prediction/historical/average-late-shipment-days-by-distribution-center$','GET',_binary '',_binary '\0','3bb32df5-b556-480a-8976-33632fb1145a','Demand','2022-11-20 10:07:39.276000',1),('e6b62195-57c5-4f41-b2a9-b6d3c24a9ea3',_binary '\0','uma_authorization','736ccbb3-62e5-410b-99a6-8fb05b5d5c10','2022-11-20 06:39:15.073000','Pricing API','/prediction/insights/usa-total-avocado-volume','^/apis/backend-pricing/prediction/insights/usa-total-avocado-volume$','GET',_binary '',_binary '\0','87ea992e-7b69-4b15-98d7-29114dfc433f','Pricing','2022-11-20 06:39:15.073000',1),('e9e9b209-d41a-4781-8dd1-029a92d23025',_binary '','uma_authorization','b8b8b9c9-fa7b-4891-ad23-597771d1ee67','2022-09-20 09:19:10.837000','Get Coast Details','/costs/details','^/apis/omni-ops-customer-dashboard/costs/details$','GET',_binary '',_binary '\0','48a3ae7b-dcf0-44d3-99cb-1ef2e49afb4c','Coast Details','2022-09-20 09:19:10.837000',1),('eda058c8-4043-4489-ab59-4a603882dd77',_binary '\0','uma_authorization','736ccbb3-62e5-410b-99a6-8fb05b5d5c10','2022-11-20 10:10:21.890000','Demand API','/prediction/historical/order-quantity-by-size-vs-distribution-center','^/apis/backend-demand/prediction/historical/order-quantity-by-size-vs-distribution-center$','GET',_binary '',_binary '\0','3bb32df5-b556-480a-8976-33632fb1145a','Demand','2022-11-20 10:10:21.890000',1),('f1fb3354-a091-40b6-bca8-6f0402524412',_binary '\0','uma_authorization','736ccbb3-62e5-410b-99a6-8fb05b5d5c10','2022-12-14 11:12:37.654000','platform-access-permission API','/locale/platform-access-permission','^/apis/backend/locale/platform-access-permission$','POST',_binary '',_binary '\0','d2ea4990-1bab-4766-bf51-5f31c764bf8e','platform-access-permission','2022-12-14 11:12:37.654000',1),('f2c308c0-de25-40ec-a73c-7ebb365e537a',_binary '\0','uma_authorization','736ccbb3-62e5-410b-99a6-8fb05b5d5c10','2022-11-20 10:08:56.130000','Demand API','/prediction/historical/order-quantity-vs-shipped-quantity','^/apis/backend-demand/prediction/historical/order-quantity-vs-shipped-quantity$','GET',_binary '',_binary '\0','3bb32df5-b556-480a-8976-33632fb1145a','Demand','2022-11-20 10:08:56.130000',1),('f349c9e7-e5cd-4362-becf-ce10d6e17b61',_binary '\0','uma_authorization','736ccbb3-62e5-410b-99a6-8fb05b5d5c10','2022-12-13 12:38:34.478000','account API','/locale/account/{accountid}','^/apis/backend/locale/account/[^/]+$','PATCH',_binary '',_binary '\0','d2ea4990-1bab-4766-bf51-5f31c764bf8e','account','2022-12-13 12:38:34.478000',1),('f7bc4b97-f6b6-4ebd-8f50-69fff23a9a8e',_binary '','uma_authorization','b8b8b9c9-fa7b-4891-ad23-597771d1ee67','2022-09-20 09:19:10.837000','Get Coast Chart','/costs/chart','^/apis/omni-ops-customer-dashboard/costs/chart$','GET',_binary '',_binary '\0','48a3ae7b-dcf0-44d3-99cb-1ef2e49afb4c','Coast Chart','2022-09-20 09:19:10.837000',1),('f8a19d1e-988b-43a5-bdf6-df4b3e34031b',_binary '','uma_authorization','b8b8b9c9-fa7b-4891-ad23-597771d1ee67','2022-09-20 09:19:10.837000','Get Cloud Connect','/cloud-connect','^/apis/omni-ops-customer-dashboard/cloud-connect$','GET',_binary '',_binary '\0','48a3ae7b-dcf0-44d3-99cb-1ef2e49afb4c','Cloud Connect','2022-09-20 09:19:10.837000',1);
/*!40000 ALTER TABLE `apifort_client_endpoints` ENABLE KEYS */;
UNLOCK TABLES;

LOCK TABLES `apifort_client_services` WRITE;
/*!40000 ALTER TABLE `apifort_client_services` DISABLE KEYS */;
INSERT INTO `apifort_client_services` VALUES ('3bb32df5-b556-480a-8976-33632fb1145a','736ccbb3-62e5-410b-99a6-8fb05b5d5c10','django-main-service.portal-dev.svc.cluster.local:80','backend-demand','Demand Svc','Demand Svc',_binary '','2022-11-20 07:33:55.915000','2022-11-20 07:33:55.915000'),('48a3ae7b-dcf0-44d3-99cb-1ef2e49afb4c','b8b8b9c9-fa7b-4891-ad23-597771d1ee67','omni-ops-customer-dashboard-service.omni-ops.svc.cluster.local:8000','omni-ops-customer-dashboard','Customer Dashboard','customer dashboard details',_binary '','2022-09-20 09:17:24.941000','2022-09-20 09:17:24.941000'),('87ea992e-7b69-4b15-98d7-29114dfc433f','736ccbb3-62e5-410b-99a6-8fb05b5d5c10','django-main-service.portal-dev.svc.cluster.local:80','backend-pricing','Pricing Svc','Pricing Svc',_binary '','2022-11-09 10:29:17.894000','2022-11-09 10:29:17.894000'),('9fad88c2-09a7-453a-aa08-7deed26d4041','736ccbb3-62e5-410b-99a6-8fb05b5d5c10','django-main-service.portal-dev.svc.cluster.local:80','backend-supply','Supply Svc','Supply Svc',_binary '','2022-11-20 10:33:31.352000','2022-11-20 10:33:31.352000'),('d2ea4990-1bab-4766-bf51-5f31c764bf8e','736ccbb3-62e5-410b-99a6-8fb05b5d5c10','django-main-service.portal-dev.svc.cluster.local:80','backend','Delmonte Svc','Delmonte Svc',_binary '','2022-11-09 09:55:25.716000','2022-11-09 09:55:25.716000');
/*!40000 ALTER TABLE `apifort_client_services` ENABLE KEYS */;
UNLOCK TABLES;